Date,arabica_futures_cents_lb
2021-08-03 00:00:00-04:00,174.85000610351562
2021-08-04 00:00:00-04:00,175.64999389648438
2021-08-05 00:00:00-04:00,176.89999389648438
2021-08-06 00:00:00-04:00,176.0
2021-08-09 00:00:00-04:00,179.35000610351562
2021-08-10 00:00:00-04:00,182.0
2021-08-11 00:00:00-04:00,183.85000610351562
2021-08-12 00:00:00-04:00,186.5500030517578
2021-08-13 00:00:00-04:00,182.75
2021-08-16 00:00:00-04:00,183.1999969482422
2021-08-17 00:00:00-04:00,178.9499969482422
2021-08-18 00:00:00-04:00,179.6999969482422
2021-08-19 00:00:00-04:00,178.1999969482422
2021-08-20 00:00:00-04:00,178.25
2021-08-23 00:00:00-04:00,179.9499969482422
2021-08-24 00:00:00-04:00,183.3000030517578
2021-08-25 00:00:00-04:00,184.0500030517578
2021-08-26 00:00:00-04:00,185.64999389648438
2021-08-27 00:00:00-04:00,189.5
2021-08-30 00:00:00-04:00,197.39999389648438
2021-08-31 00:00:00-04:00,193.4499969482422
2021-09-01 00:00:00-04:00,193.1999969482422
2021-09-02 00:00:00-04:00,191.89999389648438
2021-09-03 00:00:00-04:00,190.5500030517578
2021-09-07 00:00:00-04:00,191.5
2021-09-08 00:00:00-04:00,187.75
2021-09-09 00:00:00-04:00,185.0
2021-09-10 00:00:00-04:00,185.60000610351562
2021-09-13 00:00:00-04:00,184.35000610351562
2021-09-14 00:00:00-04:00,183.0
2021-09-15 00:00:00-04:00,187.0
2021-09-16 00:00:00-04:00,187.8000030517578
2021-09-17 00:00:00-04:00,187.3000030517578
2021-09-20 00:00:00-04:00,183.5
2021-09-21 00:00:00-04:00,183.35000610351562
2021-09-22 00:00:00-04:00,184.85000610351562
2021-09-23 00:00:00-04:00,190.60000610351562
2021-09-24 00:00:00-04:00,194.35000610351562
2021-09-27 00:00:00-04:00,193.64999389648438
2021-09-28 00:00:00-04:00,198.60000610351562
2021-09-29 00:00:00-04:00,193.39999389648438
2021-09-30 00:00:00-04:00,194.0
2021-10-01 00:00:00-04:00,204.0500030517578
2021-10-04 00:00:00-04:00,200.35000610351562
2021-10-05 00:00:00-04:00,191.89999389648438
2021-10-06 00:00:00-04:00,193.4499969482422
2021-10-07 00:00:00-04:00,197.89999389648438
2021-10-08 00:00:00-04:00,201.35000610351562
2021-10-11 00:00:00-04:00,204.25
2021-10-12 00:00:00-04:00,213.14999389648438
2021-10-13 00:00:00-04:00,208.64999389648438
2021-10-14 00:00:00-04:00,209.25
2021-10-15 00:00:00-04:00,203.39999389648438
2021-10-18 00:00:00-04:00,201.60000610351562
2021-10-19 00:00:00-04:00,204.25
2021-10-20 00:00:00-04:00,205.5500030517578
2021-10-21 00:00:00-04:00,203.3000030517578
2021-10-22 00:00:00-04:00,199.85000610351562
2021-10-25 00:00:00-04:00,202.5500030517578
2021-10-26 00:00:00-04:00,208.10000610351562
2021-10-27 00:00:00-04:00,201.35000610351562
2021-10-28 00:00:00-04:00,199.9499969482422
2021-10-29 00:00:00-04:00,203.9499969482422
2021-11-01 00:00:00-04:00,208.6999969482422
2021-11-02 00:00:00-04:00,208.0500030517578
2021-11-03 00:00:00-04:00,209.3000030517578
2021-11-04 00:00:00-04:00,208.60000610351562
2021-11-05 00:00:00-04:00,203.5500030517578
2021-11-08 00:00:00-05:00,199.64999389648438
2021-11-09 00:00:00-05:00,205.89999389648438
2021-11-10 00:00:00-05:00,204.0
2021-11-11 00:00:00-05:00,210.89999389648438
2021-11-12 00:00:00-05:00,219.6999969482422
2021-11-15 00:00:00-05:00,222.75
2021-11-16 00:00:00-05:00,222.0500030517578
2021-11-17 00:00:00-05:00,232.60000610351562
2021-11-18 00:00:00-05:00,228.9499969482422
2021-11-19 00:00:00-05:00,233.3000030517578
2021-11-22 00:00:00-05:00,231.35000610351562
2021-11-23 00:00:00-05:00,242.5500030517578
2021-11-24 00:00:00-05:00,246.3000030517578
2021-11-26 00:00:00-05:00,243.85000610351562
2021-11-29 00:00:00-05:00,233.85000610351562
2021-11-30 00:00:00-05:00,233.25
2021-12-01 00:00:00-05:00,234.1999969482422
2021-12-02 00:00:00-05:00,237.4499969482422
2021-12-03 00:00:00-05:00,244.0500030517578
2021-12-06 00:00:00-05:00,250.1999969482422
2021-12-07 00:00:00-05:00,243.89999389648438
2021-12-08 00:00:00-05:00,244.75
2021-12-09 00:00:00-05:00,240.35000610351562
2021-12-10 00:00:00-05:00,232.6999969482422
2021-12-13 00:00:00-05:00,236.6999969482422
2021-12-14 00:00:00-05:00,237.14999389648438
2021-12-15 00:00:00-05:00,237.39999389648438
2021-12-16 00:00:00-05:00,236.9499969482422
2021-12-17 00:00:00-05:00,235.89999389648438
2021-12-20 00:00:00-05:00,224.39999389648438
2021-12-21 00:00:00-05:00,228.25
2021-12-22 00:00:00-05:00,233.5500030517578
2021-12-23 00:00:00-05:00,231.1999969482422
2021-12-27 00:00:00-05:00,227.0500030517578
2021-12-28 00:00:00-05:00,225.60000610351562
2021-12-29 00:00:00-05:00,228.89999389648438
2021-12-30 00:00:00-05:00,228.85000610351562
2021-12-31 00:00:00-05:00,226.10000610351562
2022-01-03 00:00:00-05:00,223.3000030517578
2022-01-04 00:00:00-05:00,231.75
2022-01-05 00:00:00-05:00,231.75
2022-01-06 00:00:00-05:00,231.6999969482422
2022-01-07 00:00:00-05:00,238.4499969482422
2022-01-10 00:00:00-05:00,234.89999389648438
2022-01-11 00:00:00-05:00,237.0500030517578
2022-01-12 00:00:00-05:00,240.85000610351562
2022-01-13 00:00:00-05:00,237.0
2022-01-14 00:00:00-05:00,239.64999389648438
2022-01-18 00:00:00-05:00,239.60000610351562
2022-01-19 00:00:00-05:00,244.4499969482422
2022-01-20 00:00:00-05:00,243.64999389648438
2022-01-21 00:00:00-05:00,237.89999389648438
2022-01-24 00:00:00-05:00,232.9499969482422
2022-01-25 00:00:00-05:00,237.89999389648438
2022-01-26 00:00:00-05:00,238.89999389648438
2022-01-27 00:00:00-05:00,232.0500030517578
2022-01-28 00:00:00-05:00,235.89999389648438
2022-01-31 00:00:00-05:00,235.10000610351562
2022-02-01 00:00:00-05:00,236.6999969482422
2022-02-02 00:00:00-05:00,238.8000030517578
2022-02-03 00:00:00-05:00,243.89999389648438
2022-02-04 00:00:00-05:00,241.85000610351562
2022-02-07 00:00:00-05:00,241.64999389648438
2022-02-08 00:00:00-05:00,248.9499969482422
2022-02-09 00:00:00-05:00,258.3500061035156
2022-02-10 00:00:00-05:00,255.1999969482422
2022-02-11 00:00:00-05:00,251.64999389648438
2022-02-14 00:00:00-05:00,247.5500030517578
2022-02-15 00:00:00-05:00,251.85000610351562
2022-02-16 00:00:00-05:00,252.25
2022-02-17 00:00:00-05:00,251.5
2022-02-18 00:00:00-05:00,246.85000610351562
2022-02-22 00:00:00-05:00,248.4499969482422
2022-02-23 00:00:00-05:00,248.60000610351562
2022-02-24 00:00:00-05:00,239.35000610351562
2022-02-25 00:00:00-05:00,240.0500030517578
2022-02-28 00:00:00-05:00,234.25
2022-03-01 00:00:00-05:00,237.25
2022-03-02 00:00:00-05:00,230.4499969482422
2022-03-03 00:00:00-05:00,224.14999389648438
2022-03-04 00:00:00-05:00,224.14999389648438
2022-03-07 00:00:00-05:00,225.5
2022-03-08 00:00:00-05:00,234.0500030517578
2022-03-09 00:00:00-05:00,230.4499969482422
2022-03-10 00:00:00-05:00,225.1999969482422
2022-03-11 00:00:00-05:00,222.9499969482422
2022-03-14 00:00:00-04:00,219.64999389648438
2022-03-15 00:00:00-04:00,212.3000030517578
2022-03-16 00:00:00-04:00,218.60000610351562
2022-03-17 00:00:00-04:00,217.3000030517578
2022-03-18 00:00:00-04:00,220.3000030517578
2022-03-21 00:00:00-04:00,225.85000610351562
2022-03-22 00:00:00-04:00,225.0500030517578
2022-03-23 00:00:00-04:00,225.3000030517578
2022-03-24 00:00:00-04:00,221.85000610351562
2022-03-25 00:00:00-04:00,221.85000610351562
2022-03-28 00:00:00-04:00,214.5500030517578
2022-03-29 00:00:00-04:00,215.6999969482422
2022-03-30 00:00:00-04:00,221.85000610351562
2022-03-31 00:00:00-04:00,226.39999389648438
2022-04-01 00:00:00-04:00,228.39999389648438
2022-04-04 00:00:00-04:00,230.60000610351562
2022-04-05 00:00:00-04:00,231.3000030517578
2022-04-06 00:00:00-04:00,227.60000610351562
2022-04-07 00:00:00-04:00,226.14999389648438
2022-04-08 00:00:00-04:00,231.64999389648438
2022-04-11 00:00:00-04:00,236.60000610351562
2022-04-12 00:00:00-04:00,233.60000610351562
2022-04-13 00:00:00-04:00,225.0500030517578
2022-04-14 00:00:00-04:00,223.60000610351562
2022-04-18 00:00:00-04:00,223.5
2022-04-19 00:00:00-04:00,221.3000030517578
2022-04-20 00:00:00-04:00,218.8000030517578
2022-04-21 00:00:00-04:00,228.14999389648438
2022-04-22 00:00:00-04:00,227.3000030517578
2022-04-25 00:00:00-04:00,220.8000030517578
2022-04-26 00:00:00-04:00,221.39999389648438
2022-04-27 00:00:00-04:00,215.9499969482422
2022-04-28 00:00:00-04:00,217.89999389648438
2022-04-29 00:00:00-04:00,222.5500030517578
2022-05-02 00:00:00-04:00,216.39999389648438
2022-05-03 00:00:00-04:00,218.1999969482422
2022-05-04 00:00:00-04:00,221.1999969482422
2022-05-05 00:00:00-04:00,218.39999389648438
2022-05-06 00:00:00-04:00,211.60000610351562
2022-05-09 00:00:00-04:00,206.3000030517578
2022-05-10 00:00:00-04:00,204.0
2022-05-11 00:00:00-04:00,220.10000610351562
2022-05-12 00:00:00-04:00,215.0
2022-05-13 00:00:00-04:00,212.89999389648438
2022-05-16 00:00:00-04:00,225.8000030517578
2022-05-17 00:00:00-04:00,228.1999969482422
2022-05-18 00:00:00-04:00,218.60000610351562
2022-05-19 00:00:00-04:00,218.6999969482422
2022-05-20 00:00:00-04:00,215.85000610351562
2022-05-23 00:00:00-04:00,215.75
2022-05-24 00:00:00-04:00,213.64999389648438
2022-05-25 00:00:00-04:00,217.0500030517578
2022-05-26 00:00:00-04:00,226.60000610351562
2022-05-27 00:00:00-04:00,229.4499969482422
2022-05-31 00:00:00-04:00,231.25
2022-06-01 00:00:00-04:00,239.4499969482422
2022-06-02 00:00:00-04:00,238.25
2022-06-03 00:00:00-04:00,232.39999389648438
2022-06-06 00:00:00-04:00,237.5500030517578
2022-06-07 00:00:00-04:00,232.14999389648438
2022-06-08 00:00:00-04:00,231.85000610351562
2022-06-09 00:00:00-04:00,234.64999389648438
2022-06-10 00:00:00-04:00,228.89999389648438
2022-06-13 00:00:00-04:00,223.35000610351562
2022-06-14 00:00:00-04:00,226.9499969482422
2022-06-15 00:00:00-04:00,228.5
2022-06-16 00:00:00-04:00,231.9499969482422
2022-06-17 00:00:00-04:00,227.64999389648438
2022-06-21 00:00:00-04:00,233.10000610351562
2022-06-22 00:00:00-04:00,238.60000610351562
2022-06-23 00:00:00-04:00,232.4499969482422
2022-06-24 00:00:00-04:00,226.60000610351562
2022-06-27 00:00:00-04:00,226.0
2022-06-28 00:00:00-04:00,221.89999389648438
2022-06-29 00:00:00-04:00,232.64999389648438
2022-06-30 00:00:00-04:00,233.60000610351562
2022-07-01 00:00:00-04:00,228.4499969482422
2022-07-05 00:00:00-04:00,224.64999389648438
2022-07-06 00:00:00-04:00,222.5
2022-07-07 00:00:00-04:00,222.1999969482422
2022-07-08 00:00:00-04:00,222.89999389648438
2022-07-11 00:00:00-04:00,216.89999389648438
2022-07-12 00:00:00-04:00,209.25
2022-07-13 00:00:00-04:00,211.25
2022-07-14 00:00:00-04:00,199.1999969482422
2022-07-15 00:00:00-04:00,203.6999969482422
2022-07-18 00:00:00-04:00,219.10000610351562
2022-07-19 00:00:00-04:00,220.39999389648438
2022-07-20 00:00:00-04:00,218.14999389648438
2022-07-21 00:00:00-04:00,215.85000610351562
2022-07-22 00:00:00-04:00,206.6999969482422
2022-07-25 00:00:00-04:00,210.0500030517578
2022-07-26 00:00:00-04:00,213.1999969482422
2022-07-27 00:00:00-04:00,219.10000610351562
2022-07-28 00:00:00-04:00,218.39999389648438
2022-07-29 00:00:00-04:00,217.1999969482422
2022-08-01 00:00:00-04:00,213.1999969482422
2022-08-02 00:00:00-04:00,209.89999389648438
2022-08-03 00:00:00-04:00,214.64999389648438
2022-08-04 00:00:00-04:00,219.3000030517578
2022-08-05 00:00:00-04:00,209.4499969482422
2022-08-08 00:00:00-04:00,211.85000610351562
2022-08-09 00:00:00-04:00,212.75
2022-08-10 00:00:00-04:00,220.4499969482422
2022-08-11 00:00:00-04:00,223.9499969482422
2022-08-12 00:00:00-04:00,226.60000610351562
2022-08-15 00:00:00-04:00,225.5
2022-08-16 00:00:00-04:00,219.35000610351562
2022-08-17 00:00:00-04:00,217.4499969482422
2022-08-18 00:00:00-04:00,214.6999969482422
2022-08-19 00:00:00-04:00,215.9499969482422
2022-08-22 00:00:00-04:00,224.3000030517578
2022-08-23 00:00:00-04:00,230.64999389648438
2022-08-24 00:00:00-04:00,242.9499969482422
2022-08-25 00:00:00-04:00,243.39999389648438
2022-08-26 00:00:00-04:00,242.0
2022-08-29 00:00:00-04:00,240.5
2022-08-30 00:00:00-04:00,239.14999389648438
2022-08-31 00:00:00-04:00,239.10000610351562
2022-09-01 00:00:00-04:00,236.35000610351562
2022-09-02 00:00:00-04:00,232.64999389648438
2022-09-06 00:00:00-04:00,233.89999389648438
2022-09-07 00:00:00-04:00,226.89999389648438
2022-09-08 00:00:00-04:00,225.85000610351562
2022-09-09 00:00:00-04:00,231.5
2022-09-12 00:00:00-04:00,227.75
2022-09-13 00:00:00-04:00,223.9499969482422
2022-09-14 00:00:00-04:00,217.60000610351562
2022-09-15 00:00:00-04:00,219.14999389648438
2022-09-16 00:00:00-04:00,218.0500030517578
2022-09-19 00:00:00-04:00,224.0500030517578
2022-09-20 00:00:00-04:00,228.10000610351562
2022-09-21 00:00:00-04:00,221.3000030517578
2022-09-22 00:00:00-04:00,223.5500030517578
2022-09-23 00:00:00-04:00,220.4499969482422
2022-09-26 00:00:00-04:00,223.8000030517578
2022-09-27 00:00:00-04:00,224.35000610351562
2022-09-28 00:00:00-04:00,228.6999969482422
2022-09-29 00:00:00-04:00,225.6999969482422
2022-09-30 00:00:00-04:00,221.5500030517578
2022-10-03 00:00:00-04:00,215.75
2022-10-04 00:00:00-04:00,219.3000030517578
2022-10-05 00:00:00-04:00,224.64999389648438
2022-10-06 00:00:00-04:00,217.6999969482422
2022-10-07 00:00:00-04:00,218.10000610351562
2022-10-10 00:00:00-04:00,217.4499969482422
2022-10-11 00:00:00-04:00,217.85000610351562
2022-10-12 00:00:00-04:00,209.75
2022-10-13 00:00:00-04:00,202.14999389648438
2022-10-14 00:00:00-04:00,196.6999969482422
2022-10-17 00:00:00-04:00,195.5500030517578
2022-10-18 00:00:00-04:00,195.10000610351562
2022-10-19 00:00:00-04:00,192.3000030517578
2022-10-20 00:00:00-04:00,191.0500030517578
2022-10-21 00:00:00-04:00,190.89999389648438
2022-10-24 00:00:00-04:00,190.39999389648438
2022-10-25 00:00:00-04:00,185.8000030517578
2022-10-26 00:00:00-04:00,179.75
2022-10-27 00:00:00-04:00,178.85000610351562
2022-10-28 00:00:00-04:00,169.8000030517578
2022-10-31 00:00:00-04:00,177.6999969482422
2022-11-01 00:00:00-04:00,174.60000610351562
2022-11-02 00:00:00-04:00,182.14999389648438
2022-11-03 00:00:00-04:00,172.1999969482422
2022-11-04 00:00:00-04:00,175.75
2022-11-07 00:00:00-05:00,170.5500030517578
2022-11-08 00:00:00-05:00,166.4499969482422
2022-11-09 00:00:00-05:00,165.14999389648438
2022-11-10 00:00:00-05:00,171.0
2022-11-11 00:00:00-05:00,170.10000610351562
2022-11-14 00:00:00-05:00,166.1999969482422
2022-11-15 00:00:00-05:00,156.75
2022-11-16 00:00:00-05:00,155.4499969482422
2022-11-17 00:00:00-05:00,152.6999969482422
2022-11-18 00:00:00-05:00,151.3000030517578
2022-11-21 00:00:00-05:00,157.5
2022-11-22 00:00:00-05:00,161.8000030517578
2022-11-23 00:00:00-05:00,160.10000610351562
2022-11-25 00:00:00-05:00,163.5500030517578
2022-11-28 00:00:00-05:00,160.64999389648438
2022-11-29 00:00:00-05:00,166.6999969482422
2022-11-30 00:00:00-05:00,167.6999969482422
2022-12-01 00:00:00-05:00,163.35000610351562
2022-12-02 00:00:00-05:00,160.14999389648438
2022-12-05 00:00:00-05:00,160.14999389648438
2022-12-06 00:00:00-05:00,161.0500030517578
2022-12-07 00:00:00-05:00,157.6999969482422
2022-12-08 00:00:00-05:00,156.89999389648438
2022-12-09 00:00:00-05:00,157.75
2022-12-12 00:00:00-05:00,166.35000610351562
2022-12-13 00:00:00-05:00,167.14999389648438
2022-12-14 00:00:00-05:00,168.3000030517578
2022-12-15 00:00:00-05:00,171.5
2022-12-16 00:00:00-05:00,164.14999389648438
2022-12-19 00:00:00-05:00,164.0500030517578
2022-12-20 00:00:00-05:00,167.8000030517578
2022-12-21 00:00:00-05:00,169.35000610351562
2022-12-22 00:00:00-05:00,168.89999389648438
2022-12-23 00:00:00-05:00,172.0
2022-12-27 00:00:00-05:00,166.9499969482422
2022-12-28 00:00:00-05:00,173.5500030517578
2022-12-29 00:00:00-05:00,170.0500030517578
2022-12-30 00:00:00-05:00,167.3000030517578
2023-01-03 00:00:00-05:00,166.3000030517578
2023-01-04 00:00:00-05:00,161.3000030517578
2023-01-05 00:00:00-05:00,160.5500030517578
2023-01-06 00:00:00-05:00,158.3000030517578
2023-01-09 00:00:00-05:00,158.0500030517578
2023-01-10 00:00:00-05:00,150.89999389648438
2023-01-11 00:00:00-05:00,143.89999389648438
2023-01-12 00:00:00-05:00,149.39999389648438
2023-01-13 00:00:00-05:00,151.6999969482422
2023-01-17 00:00:00-05:00,151.10000610351562
2023-01-18 00:00:00-05:00,155.0
2023-01-19 00:00:00-05:00,154.60000610351562
2023-01-20 00:00:00-05:00,154.8000030517578
2023-01-23 00:00:00-05:00,158.5500030517578
2023-01-24 00:00:00-05:00,159.85000610351562
2023-01-25 00:00:00-05:00,162.4499969482422
2023-01-26 00:00:00-05:00,167.14999389648438
2023-01-27 00:00:00-05:00,169.89999389648438
2023-01-30 00:00:00-05:00,170.39999389648438
2023-01-31 00:00:00-05:00,181.75
2023-02-01 00:00:00-05:00,175.89999389648438
2023-02-02 00:00:00-05:00,177.89999389648438
2023-02-03 00:00:00-05:00,172.8000030517578
2023-02-06 00:00:00-05:00,175.6999969482422
2023-02-07 00:00:00-05:00,177.0500030517578
2023-02-08 00:00:00-05:00,175.60000610351562
2023-02-09 00:00:00-05:00,173.64999389648438
2023-02-10 00:00:00-05:00,174.75
2023-02-13 00:00:00-05:00,177.0500030517578
2023-02-14 00:00:00-05:00,183.5500030517578
2023-02-15 00:00:00-05:00,176.85000610351562
2023-02-16 00:00:00-05:00,180.6999969482422
2023-02-17 00:00:00-05:00,188.6999969482422
2023-02-21 00:00:00-05:00,194.4499969482422
2023-02-22 00:00:00-05:00,199.5
2023-02-23 00:00:00-05:00,193.64999389648438
2023-02-24 00:00:00-05:00,191.1999969482422
2023-02-27 00:00:00-05:00,190.6999969482422
2023-02-28 00:00:00-05:00,190.39999389648438
2023-03-01 00:00:00-05:00,185.3000030517578
2023-03-02 00:00:00-05:00,183.9499969482422
2023-03-03 00:00:00-05:00,180.8000030517578
2023-03-06 00:00:00-05:00,182.4499969482422
2023-03-07 00:00:00-05:00,184.5500030517578
2023-03-08 00:00:00-05:00,179.5500030517578
2023-03-09 00:00:00-05:00,178.0
2023-03-10 00:00:00-05:00,182.25
2023-03-13 00:00:00-04:00,183.1999969482422
2023-03-14 00:00:00-04:00,180.89999389648438
2023-03-15 00:00:00-04:00,178.0500030517578
2023-03-16 00:00:00-04:00,185.5
2023-03-17 00:00:00-04:00,183.0
2023-03-20 00:00:00-04:00,184.89999389648438
2023-03-21 00:00:00-04:00,186.6999969482422
2023-03-22 00:00:00-04:00,178.0
2023-03-23 00:00:00-04:00,174.3000030517578
2023-03-24 00:00:00-04:00,179.25
2023-03-27 00:00:00-04:00,176.89999389648438
2023-03-28 00:00:00-04:00,173.75
2023-03-29 00:00:00-04:00,169.6999969482422
2023-03-30 00:00:00-04:00,169.8000030517578
2023-03-31 00:00:00-04:00,170.5
2023-04-03 00:00:00-04:00,176.25
2023-04-04 00:00:00-04:00,174.85000610351562
2023-04-05 00:00:00-04:00,180.14999389648438
2023-04-06 00:00:00-04:00,183.60000610351562
2023-04-10 00:00:00-04:00,182.60000610351562
2023-04-11 00:00:00-04:00,190.5
2023-04-12 00:00:00-04:00,190.25
2023-04-13 00:00:00-04:00,196.10000610351562
2023-04-14 00:00:00-04:00,193.39999389648438
2023-04-17 00:00:00-04:00,201.0
2023-04-18 00:00:00-04:00,205.25
2023-04-19 00:00:00-04:00,202.5500030517578
2023-04-20 00:00:00-04:00,195.89999389648438
2023-04-21 00:00:00-04:00,194.1999969482422
2023-04-24 00:00:00-04:00,196.75
2023-04-25 00:00:00-04:00,192.4499969482422
2023-04-26 00:00:00-04:00,195.85000610351562
2023-04-27 00:00:00-04:00,192.10000610351562
2023-04-28 00:00:00-04:00,189.85000610351562
2023-05-01 00:00:00-04:00,189.25
2023-05-02 00:00:00-04:00,190.64999389648438
2023-05-03 00:00:00-04:00,189.1999969482422
2023-05-04 00:00:00-04:00,186.39999389648438
2023-05-05 00:00:00-04:00,191.0
2023-05-08 00:00:00-04:00,186.89999389648438
2023-05-09 00:00:00-04:00,188.0
2023-05-10 00:00:00-04:00,187.4499969482422
2023-05-11 00:00:00-04:00,185.8000030517578
2023-05-12 00:00:00-04:00,186.0
2023-05-15 00:00:00-04:00,193.0500030517578
2023-05-16 00:00:00-04:00,190.35000610351562
2023-05-17 00:00:00-04:00,189.85000610351562
2023-05-18 00:00:00-04:00,190.4499969482422
2023-05-19 00:00:00-04:00,192.0
2023-05-22 00:00:00-04:00,189.1999969482422
2023-05-23 00:00:00-04:00,187.4499969482422
2023-05-24 00:00:00-04:00,188.0
2023-05-25 00:00:00-04:00,182.6999969482422
2023-05-26 00:00:00-04:00,181.60000610351562
2023-05-30 00:00:00-04:00,177.10000610351562
2023-05-31 00:00:00-04:00,178.64999389648438
2023-06-01 00:00:00-04:00,183.0500030517578
2023-06-02 00:00:00-04:00,180.3000030517578
2023-06-05 00:00:00-04:00,183.10000610351562
2023-06-06 00:00:00-04:00,182.60000610351562
2023-06-07 00:00:00-04:00,185.39999389648438
2023-06-08 00:00:00-04:00,194.85000610351562
2023-06-09 00:00:00-04:00,190.64999389648438
2023-06-12 00:00:00-04:00,185.5500030517578
2023-06-13 00:00:00-04:00,182.75
2023-06-14 00:00:00-04:00,184.39999389648438
2023-06-15 00:00:00-04:00,187.0
2023-06-16 00:00:00-04:00,184.89999389648438
2023-06-20 00:00:00-04:00,177.4499969482422
2023-06-21 00:00:00-04:00,172.0
2023-06-22 00:00:00-04:00,171.6999969482422
2023-06-23 00:00:00-04:00,168.0500030517578
2023-06-26 00:00:00-04:00,167.9499969482422
2023-06-27 00:00:00-04:00,169.4499969482422
2023-06-28 00:00:00-04:00,165.64999389648438
2023-06-29 00:00:00-04:00,163.60000610351562
2023-06-30 00:00:00-04:00,161.0
2023-07-03 00:00:00-04:00,162.5
2023-07-05 00:00:00-04:00,161.0500030517578
2023-07-06 00:00:00-04:00,162.35000610351562
2023-07-07 00:00:00-04:00,162.8000030517578
2023-07-10 00:00:00-04:00,161.75
2023-07-11 00:00:00-04:00,159.3000030517578
2023-07-12 00:00:00-04:00,158.75
2023-07-13 00:00:00-04:00,159.35000610351562
2023-07-14 00:00:00-04:00,161.9499969482422
2023-07-17 00:00:00-04:00,154.75
2023-07-18 00:00:00-04:00,155.25
2023-07-19 00:00:00-04:00,152.4499969482422
2023-07-20 00:00:00-04:00,158.0500030517578
2023-07-21 00:00:00-04:00,161.85000610351562
2023-07-24 00:00:00-04:00,163.0
2023-07-25 00:00:00-04:00,161.85000610351562
2023-07-26 00:00:00-04:00,163.14999389648438
2023-07-27 00:00:00-04:00,161.4499969482422
2023-07-28 00:00:00-04:00,157.89999389648438
2023-07-31 00:00:00-04:00,164.64999389648438
2023-08-01 00:00:00-04:00,164.5500030517578
2023-08-02 00:00:00-04:00,166.9499969482422
2023-08-03 00:00:00-04:00,164.75
2023-08-04 00:00:00-04:00,161.35000610351562
2023-08-07 00:00:00-04:00,163.9499969482422
2023-08-08 00:00:00-04:00,161.35000610351562
2023-08-09 00:00:00-04:00,160.75
2023-08-10 00:00:00-04:00,159.89999389648438
2023-08-11 00:00:00-04:00,157.8000030517578
2023-08-14 00:00:00-04:00,151.10000610351562
2023-08-15 00:00:00-04:00,149.25
2023-08-16 00:00:00-04:00,148.89999389648438
2023-08-17 00:00:00-04:00,147.0
2023-08-18 00:00:00-04:00,147.4499969482422
2023-08-21 00:00:00-04:00,147.5500030517578
2023-08-22 00:00:00-04:00,146.60000610351562
2023-08-23 00:00:00-04:00,152.9499969482422
2023-08-24 00:00:00-04:00,153.0
2023-08-25 00:00:00-04:00,151.75
2023-08-28 00:00:00-04:00,151.8000030517578
2023-08-29 00:00:00-04:00,151.35000610351562
2023-08-30 00:00:00-04:00,153.35000610351562
2023-08-31 00:00:00-04:00,152.6999969482422
2023-09-01 00:00:00-04:00,150.9499969482422
2023-09-05 00:00:00-04:00,151.39999389648438
2023-09-06 00:00:00-04:00,151.75
2023-09-07 00:00:00-04:00,147.39999389648438
2023-09-08 00:00:00-04:00,146.25
2023-09-11 00:00:00-04:00,151.5500030517578
2023-09-12 00:00:00-04:00,150.6999969482422
2023-09-13 00:00:00-04:00,151.0500030517578
2023-09-14 00:00:00-04:00,153.10000610351562
2023-09-15 00:00:00-04:00,158.25
2023-09-18 00:00:00-04:00,158.6999969482422
2023-09-19 00:00:00-04:00,167.5
2023-09-20 00:00:00-04:00,158.1999969482422
2023-09-21 00:00:00-04:00,154.85000610351562
2023-09-22 00:00:00-04:00,151.14999389648438
2023-09-25 00:00:00-04:00,148.8000030517578
2023-09-26 00:00:00-04:00,150.85000610351562
2023-09-27 00:00:00-04:00,149.25
2023-09-28 00:00:00-04:00,147.1999969482422
2023-09-29 00:00:00-04:00,146.14999389648438
2023-10-02 00:00:00-04:00,149.10000610351562
2023-10-03 00:00:00-04:00,148.75
2023-10-04 00:00:00-04:00,146.35000610351562
2023-10-05 00:00:00-04:00,145.39999389648438
2023-10-06 00:00:00-04:00,146.0500030517578
2023-10-09 00:00:00-04:00,146.0500030517578
2023-10-10 00:00:00-04:00,147.5
2023-10-11 00:00:00-04:00,147.6999969482422
2023-10-12 00:00:00-04:00,149.3000030517578
2023-10-13 00:00:00-04:00,154.89999389648438
2023-10-16 00:00:00-04:00,154.14999389648438
2023-10-17 00:00:00-04:00,157.0500030517578
2023-10-18 00:00:00-04:00,158.0500030517578
2023-10-19 00:00:00-04:00,163.9499969482422
2023-10-20 00:00:00-04:00,165.25
2023-10-23 00:00:00-04:00,165.85000610351562
2023-10-24 00:00:00-04:00,168.14999389648438
2023-10-25 00:00:00-04:00,162.3000030517578
2023-10-26 00:00:00-04:00,161.1999969482422
2023-10-27 00:00:00-04:00,160.9499969482422
2023-10-30 00:00:00-04:00,159.10000610351562
2023-10-31 00:00:00-04:00,167.3000030517578
2023-11-01 00:00:00-04:00,159.8000030517578
2023-11-02 00:00:00-04:00,165.35000610351562
2023-11-03 00:00:00-04:00,170.89999389648438
2023-11-06 00:00:00-05:00,173.6999969482422
2023-11-07 00:00:00-05:00,170.75
2023-11-08 00:00:00-05:00,174.35000610351562
2023-11-09 00:00:00-05:00,178.8000030517578
2023-11-10 00:00:00-05:00,174.5
2023-11-13 00:00:00-05:00,178.64999389648438
2023-11-14 00:00:00-05:00,176.4499969482422
2023-11-15 00:00:00-05:00,180.8000030517578
2023-11-16 00:00:00-05:00,176.10000610351562
2023-11-17 00:00:00-05:00,170.9499969482422
2023-11-20 00:00:00-05:00,177.89999389648438
2023-11-21 00:00:00-05:00,176.5500030517578
2023-11-22 00:00:00-05:00,178.64999389648438
2023-11-23 00:00:00-05:00,178.64999389648438
2023-11-24 00:00:00-05:00,178.64999389648438
2023-11-27 00:00:00-05:00,179.6999969482422
2023-11-28 00:00:00-05:00,183.64999389648438
2023-11-29 00:00:00-05:00,182.10000610351562
2023-11-30 00:00:00-05:00,195.0
2023-12-01 00:00:00-05:00,193.89999389648438
2023-12-04 00:00:00-05:00,188.89999389648438
2023-12-05 00:00:00-05:00,193.85000610351562
2023-12-06 00:00:00-05:00,185.25
2023-12-07 00:00:00-05:00,185.5
2023-12-08 00:00:00-05:00,185.14999389648438
2023-12-11 00:00:00-05:00,194.0
2023-12-12 00:00:00-05:00,191.14999389648438
2023-12-13 00:00:00-05:00,194.64999389648438
2023-12-14 00:00:00-05:00,200.10000610351562
2023-12-15 00:00:00-05:00,201.8000030517578
2023-12-18 00:00:00-05:00,209.5500030517578
2023-12-19 00:00:00-05:00,202.39999389648438
2023-12-20 00:00:00-05:00,190.60000610351562
2023-12-21 00:00:00-05:00,193.60000610351562
2023-12-22 00:00:00-05:00,192.8000030517578
2023-12-26 00:00:00-05:00,194.35000610351562
2023-12-27 00:00:00-05:00,197.75
2023-12-28 00:00:00-05:00,198.0
2023-12-29 00:00:00-05:00,188.3000030517578
2024-01-02 00:00:00-05:00,190.14999389648438
2024-01-03 00:00:00-05:00,186.25
2024-01-04 00:00:00-05:00,185.5500030517578
2024-01-05 00:00:00-05:00,182.8000030517578
2024-01-08 00:00:00-05:00,181.39999389648438
2024-01-09 00:00:00-05:00,184.10000610351562
2024-01-10 00:00:00-05:00,181.14999389648438
2024-01-11 00:00:00-05:00,184.0500030517578
2024-01-12 00:00:00-05:00,180.0
2024-01-16 00:00:00-05:00,185.25
2024-01-17 00:00:00-05:00,179.1999969482422
2024-01-18 00:00:00-05:00,179.9499969482422
2024-01-19 00:00:00-05:00,185.14999389648438
2024-01-22 00:00:00-05:00,192.25
2024-01-23 00:00:00-05:00,192.9499969482422
2024-01-24 00:00:00-05:00,189.4499969482422
2024-01-25 00:00:00-05:00,186.9499969482422
2024-01-26 00:00:00-05:00,193.85000610351562
2024-01-29 00:00:00-05:00,189.25
2024-01-30 00:00:00-05:00,194.0
2024-01-31 00:00:00-05:00,194.0500030517578
2024-02-01 00:00:00-05:00,194.1999969482422
2024-02-02 00:00:00-05:00,191.9499969482422
2024-02-05 00:00:00-05:00,189.5
2024-02-06 00:00:00-05:00,188.1999969482422
2024-02-07 00:00:00-05:00,190.6999969482422
2024-02-08 00:00:00-05:00,188.8000030517578
2024-02-09 00:00:00-05:00,196.3000030517578
2024-02-12 00:00:00-05:00,195.60000610351562
2024-02-13 00:00:00-05:00,193.0
2024-02-14 00:00:00-05:00,187.0500030517578
2024-02-15 00:00:00-05:00,189.3000030517578
2024-02-16 00:00:00-05:00,190.85000610351562
2024-02-20 00:00:00-05:00,191.60000610351562
2024-02-21 00:00:00-05:00,198.35000610351562
2024-02-22 00:00:00-05:00,193.85000610351562
2024-02-23 00:00:00-05:00,191.0
2024-02-26 00:00:00-05:00,190.10000610351562
2024-02-27 00:00:00-05:00,194.0500030517578
2024-02-28 00:00:00-05:00,193.35000610351562
2024-02-29 00:00:00-05:00,195.85000610351562
2024-03-01 00:00:00-05:00,193.8000030517578
2024-03-04 00:00:00-05:00,197.39999389648438
2024-03-05 00:00:00-05:00,195.0
2024-03-06 00:00:00-05:00,194.4499969482422
2024-03-07 00:00:00-05:00,198.35000610351562
2024-03-08 00:00:00-05:00,191.39999389648438
2024-03-11 00:00:00-04:00,194.35000610351562
2024-03-12 00:00:00-04:00,195.39999389648438
2024-03-13 00:00:00-04:00,191.64999389648438
2024-03-14 00:00:00-04:00,191.35000610351562
2024-03-15 00:00:00-04:00,182.85000610351562
2024-03-18 00:00:00-04:00,181.85000610351562
2024-03-19 00:00:00-04:00,183.0500030517578
2024-03-20 00:00:00-04:00,182.39999389648438
2024-03-21 00:00:00-04:00,185.6999969482422
2024-03-22 00:00:00-04:00,184.85000610351562
2024-03-25 00:00:00-04:00,185.64999389648438
2024-03-26 00:00:00-04:00,188.0500030517578
2024-03-27 00:00:00-04:00,190.64999389648438
2024-03-28 00:00:00-04:00,188.85000610351562
2024-04-01 00:00:00-04:00,191.8000030517578
2024-04-02 00:00:00-04:00,197.75
2024-04-03 00:00:00-04:00,203.60000610351562
2024-04-04 00:00:00-04:00,206.75
2024-04-05 00:00:00-04:00,212.5
2024-04-08 00:00:00-04:00,211.10000610351562
2024-04-09 00:00:00-04:00,213.5500030517578
2024-04-10 00:00:00-04:00,214.64999389648438
2024-04-11 00:00:00-04:00,220.35000610351562
2024-04-12 00:00:00-04:00,224.64999389648438
2024-04-15 00:00:00-04:00,231.5500030517578
2024-04-16 00:00:00-04:00,236.75
2024-04-17 00:00:00-04:00,247.9499969482422
2024-04-18 00:00:00-04:00,239.85000610351562
2024-04-19 00:00:00-04:00,241.39999389648438
2024-04-22 00:00:00-04:00,231.64999389648438
2024-04-23 00:00:00-04:00,224.5
2024-04-24 00:00:00-04:00,228.4499969482422
2024-04-25 00:00:00-04:00,231.9499969482422
2024-04-26 00:00:00-04:00,230.60000610351562
2024-04-29 00:00:00-04:00,233.5500030517578
2024-04-30 00:00:00-04:00,220.64999389648438
2024-05-01 00:00:00-04:00,219.0500030517578
2024-05-02 00:00:00-04:00,208.64999389648438
2024-05-03 00:00:00-04:00,205.89999389648438
2024-05-06 00:00:00-04:00,200.6999969482422
2024-05-07 00:00:00-04:00,199.0
2024-05-08 00:00:00-04:00,200.25
2024-05-09 00:00:00-04:00,203.6999969482422
2024-05-10 00:00:00-04:00,204.39999389648438
2024-05-13 00:00:00-04:00,200.39999389648438
2024-05-14 00:00:00-04:00,202.85000610351562
2024-05-15 00:00:00-04:00,201.25
2024-05-16 00:00:00-04:00,199.5500030517578
2024-05-17 00:00:00-04:00,208.14999389648438
2024-05-20 00:00:00-04:00,209.3000030517578
2024-05-21 00:00:00-04:00,217.1999969482422
2024-05-22 00:00:00-04:00,220.4499969482422
2024-05-23 00:00:00-04:00,215.64999389648438
2024-05-24 00:00:00-04:00,218.25
2024-05-28 00:00:00-04:00,230.9499969482422
2024-05-29 00:00:00-04:00,229.4499969482422
2024-05-30 00:00:00-04:00,233.0
2024-05-31 00:00:00-04:00,222.35000610351562
2024-06-03 00:00:00-04:00,226.5500030517578
2024-06-04 00:00:00-04:00,233.89999389648438
2024-06-05 00:00:00-04:00,231.9499969482422
2024-06-06 00:00:00-04:00,234.1999969482422
2024-06-07 00:00:00-04:00,224.8000030517578
2024-06-10 00:00:00-04:00,221.39999389648438
2024-06-11 00:00:00-04:00,220.5500030517578
2024-06-12 00:00:00-04:00,224.35000610351562
2024-06-13 00:00:00-04:00,226.0500030517578
2024-06-14 00:00:00-04:00,224.14999389648438
2024-06-17 00:00:00-04:00,227.14999389648438
2024-06-18 00:00:00-04:00,226.3000030517578
2024-06-20 00:00:00-04:00,230.25
2024-06-21 00:00:00-04:00,226.5500030517578
2024-06-24 00:00:00-04:00,238.0
2024-06-25 00:00:00-04:00,231.1999969482422
2024-06-26 00:00:00-04:00,226.35000610351562
2024-06-27 00:00:00-04:00,228.25
2024-06-28 00:00:00-04:00,228.9499969482422
2024-07-01 00:00:00-04:00,226.6999969482422
2024-07-02 00:00:00-04:00,229.10000610351562
2024-07-03 00:00:00-04:00,225.9499969482422
2024-07-05 00:00:00-04:00,230.3000030517578
2024-07-08 00:00:00-04:00,236.1999969482422
2024-07-09 00:00:00-04:00,252.0
2024-07-10 00:00:00-04:00,245.6999969482422
2024-07-11 00:00:00-04:00,246.75
2024-07-12 00:00:00-04:00,250.4499969482422
2024-07-15 00:00:00-04:00,244.14999389648438
2024-07-16 00:00:00-04:00,245.39999389648438
2024-07-17 00:00:00-04:00,247.35000610351562
2024-07-18 00:00:00-04:00,243.39999389648438
2024-07-19 00:00:00-04:00,238.1999969482422
2024-07-22 00:00:00-04:00,243.0500030517578
2024-07-23 00:00:00-04:00,239.10000610351562
2024-07-24 00:00:00-04:00,231.14999389648438
2024-07-25 00:00:00-04:00,234.6999969482422
2024-07-26 00:00:00-04:00,230.25
2024-07-29 00:00:00-04:00,230.39999389648438
2024-07-30 00:00:00-04:00,230.8000030517578
2024-07-31 00:00:00-04:00,229.1999969482422
2024-08-01 00:00:00-04:00,227.25
2024-08-02 00:00:00-04:00,230.5
2024-08-05 00:00:00-04:00,225.6999969482422
2024-08-06 00:00:00-04:00,235.9499969482422
2024-08-07 00:00:00-04:00,246.3000030517578
2024-08-08 00:00:00-04:00,245.3000030517578
2024-08-09 00:00:00-04:00,234.0500030517578
2024-08-12 00:00:00-04:00,240.85000610351562
2024-08-13 00:00:00-04:00,232.6999969482422
2024-08-14 00:00:00-04:00,237.0
2024-08-15 00:00:00-04:00,239.89999389648438
2024-08-16 00:00:00-04:00,245.4499969482422
2024-08-19 00:00:00-04:00,245.89999389648438
2024-08-20 00:00:00-04:00,249.4499969482422
2024-08-21 00:00:00-04:00,249.4499969482422
2024-08-22 00:00:00-04:00,246.8000030517578
2024-08-23 00:00:00-04:00,251.1999969482422
2024-08-26 00:00:00-04:00,253.64999389648438
2024-08-27 00:00:00-04:00,259.3999938964844
2024-08-28 00:00:00-04:00,260.45001220703125
2024-08-29 00:00:00-04:00,251.8000030517578
2024-08-30 00:00:00-04:00,248.1999969482422
2024-09-03 00:00:00-04:00,246.75
2024-09-04 00:00:00-04:00,245.5500030517578
2024-09-05 00:00:00-04:00,246.60000610351562
2024-09-06 00:00:00-04:00,240.0500030517578
2024-09-09 00:00:00-04:00,249.4499969482422
2024-09-10 00:00:00-04:00,248.0
2024-09-11 00:00:00-04:00,249.4499969482422
2024-09-12 00:00:00-04:00,252.0
2024-09-13 00:00:00-04:00,262.04998779296875
2024-09-16 00:00:00-04:00,259.04998779296875
2024-09-17 00:00:00-04:00,265.0
2024-09-18 00:00:00-04:00,263.1499938964844
2024-09-19 00:00:00-04:00,261.6499938964844
2024-09-20 00:00:00-04:00,250.75
2024-09-23 00:00:00-04:00,263.6499938964844
2024-09-24 00:00:00-04:00,267.79998779296875
2024-09-25 00:00:00-04:00,269.1000061035156
2024-09-26 00:00:00-04:00,273.8999938964844
2024-09-27 00:00:00-04:00,269.1499938964844
2024-09-30 00:00:00-04:00,270.25
2024-10-01 00:00:00-04:00,264.1499938964844
2024-10-02 00:00:00-04:00,256.5
2024-10-03 00:00:00-04:00,252.0500030517578
2024-10-04 00:00:00-04:00,257.3500061035156
2024-10-07 00:00:00-04:00,244.64999389648438
2024-10-08 00:00:00-04:00,248.1999969482422
2024-10-09 00:00:00-04:00,250.0500030517578
2024-10-10 00:00:00-04:00,254.75
2024-10-11 00:00:00-04:00,252.0500030517578
2024-10-14 00:00:00-04:00,262.04998779296875
2024-10-15 00:00:00-04:00,256.70001220703125
2024-10-16 00:00:00-04:00,258.0
2024-10-17 00:00:00-04:00,255.14999389648438
2024-10-18 00:00:00-04:00,257.29998779296875
2024-10-21 00:00:00-04:00,251.6999969482422
2024-10-22 00:00:00-04:00,249.85000610351562
2024-10-23 00:00:00-04:00,252.35000610351562
2024-10-24 00:00:00-04:00,245.4499969482422
2024-10-25 00:00:00-04:00,248.39999389648438
2024-10-28 00:00:00-04:00,252.35000610351562
2024-10-29 00:00:00-04:00,248.10000610351562
2024-10-30 00:00:00-04:00,249.60000610351562
2024-10-31 00:00:00-04:00,245.89999389648438
2024-11-01 00:00:00-04:00,242.9499969482422
2024-11-04 00:00:00-05:00,245.9499969482422
2024-11-05 00:00:00-05:00,250.14999389648438
2024-11-06 00:00:00-05:00,248.75
2024-11-07 00:00:00-05:00,260.3999938964844
2024-11-08 00:00:00-05:00,253.35000610351562
2024-11-11 00:00:00-05:00,256.20001220703125
2024-11-12 00:00:00-05:00,263.54998779296875
2024-11-13 00:00:00-05:00,271.6499938964844
2024-11-14 00:00:00-05:00,278.95001220703125
2024-11-15 00:00:00-05:00,281.79998779296875
2024-11-18 00:00:00-05:00,280.75
2024-11-19 00:00:00-05:00,279.75
2024-11-20 00:00:00-05:00,295.29998779296875
2024-11-21 00:00:00-05:00,298.6499938964844
2024-11-22 00:00:00-05:00,305.25
2024-11-25 00:00:00-05:00,308.3500061035156
2024-11-26 00:00:00-05:00,312.1499938964844
2024-11-27 00:00:00-05:00,326.1499938964844
2024-11-29 00:00:00-05:00,321.6499938964844
2024-12-02 00:00:00-05:00,299.20001220703125
2024-12-03 00:00:00-05:00,297.70001220703125
2024-12-04 00:00:00-05:00,305.95001220703125
2024-12-05 00:00:00-05:00,315.75
2024-12-06 00:00:00-05:00,332.5
2024-12-09 00:00:00-05:00,332.29998779296875
2024-12-10 00:00:00-05:00,335.6499938964844
2024-12-11 00:00:00-05:00,321.70001220703125
2024-12-12 00:00:00-05:00,322.6000061035156
2024-12-13 00:00:00-05:00,320.8500061035156
2024-12-16 00:00:00-05:00,328.75
2024-12-17 00:00:00-05:00,325.45001220703125
2024-12-18 00:00:00-05:00,333.1499938964844
2024-12-19 00:00:00-05:00,323.75
2024-12-20 00:00:00-05:00,325.0
2024-12-23 00:00:00-05:00,327.25
2024-12-24 00:00:00-05:00,328.6000061035156
2024-12-26 00:00:00-05:00,324.6499938964844
2024-12-27 00:00:00-05:00,322.6499938964844
2024-12-30 00:00:00-05:00,321.0
2024-12-31 00:00:00-05:00,319.75
2025-01-02 00:00:00-05:00,326.8500061035156
2025-01-03 00:00:00-05:00,318.6499938964844
2025-01-06 00:00:00-05:00,318.6000061035156
2025-01-07 00:00:00-05:00,320.5
2025-01-08 00:00:00-05:00,316.45001220703125
2025-01-09 00:00:00-05:00,318.5
2025-01-10 00:00:00-05:00,323.8500061035156
2025-01-13 00:00:00-05:00,325.95001220703125
2025-01-14 00:00:00-05:00,321.95001220703125
2025-01-15 00:00:00-05:00,330.45001220703125
2025-01-16 00:00:00-05:00,327.1499938964844
2025-01-17 00:00:00-05:00,328.3500061035156
2025-01-21 00:00:00-05:00,327.79998779296875
2025-01-22 00:00:00-05:00,341.8500061035156
2025-01-23 00:00:00-05:00,343.95001220703125
2025-01-24 00:00:00-05:00,347.54998779296875
2025-01-27 00:00:00-05:00,349.20001220703125
2025-01-28 00:00:00-05:00,357.5
2025-01-29 00:00:00-05:00,366.54998779296875
2025-01-30 00:00:00-05:00,373.3999938964844
2025-01-31 00:00:00-05:00,377.8500061035156
2025-02-03 00:00:00-05:00,380.8999938964844
2025-02-04 00:00:00-05:00,383.3500061035156
2025-02-05 00:00:00-05:00,397.75
2025-02-06 00:00:00-05:00,403.95001220703125
2025-02-07 00:00:00-05:00,404.3500061035156
2025-02-10 00:00:00-05:00,429.04998779296875
2025-02-11 00:00:00-05:00,413.45001220703125
2025-02-12 00:00:00-05:00,431.79998779296875
2025-02-13 00:00:00-05:00,438.8999938964844
2025-02-14 00:00:00-05:00,419.75
2025-02-18 00:00:00-05:00,419.0
2025-02-19 00:00:00-05:00,417.8999938964844
2025-02-20 00:00:00-05:00,395.75
2025-02-21 00:00:00-05:00,400.0
2025-02-24 00:00:00-05:00,393.79998779296875
2025-02-25 00:00:00-05:00,380.5
2025-02-26 00:00:00-05:00,379.45001220703125
2025-02-27 00:00:00-05:00,378.75
2025-02-28 00:00:00-05:00,379.04998779296875
2025-03-03 00:00:00-05:00,392.70001220703125
2025-03-04 00:00:00-05:00,403.75
2025-03-05 00:00:00-05:00,415.5
2025-03-06 00:00:00-05:00,393.0
2025-03-07 00:00:00-05:00,390.20001220703125
2025-03-10 00:00:00-04:00,389.3500061035156
2025-03-11 00:00:00-04:00,399.45001220703125
2025-03-12 00:00:00-04:00,392.20001220703125
2025-03-13 00:00:00-04:00,390.6000061035156
2025-03-14 00:00:00-04:00,382.1000061035156
2025-03-17 00:00:00-04:00,389.3500061035156
2025-03-18 00:00:00-04:00,387.1499938964844
2025-03-19 00:00:00-04:00,394.6000061035156
2025-03-20 00:00:00-04:00,392.1499938964844
2025-03-21 00:00:00-04:00,391.3999938964844
2025-03-24 00:00:00-04:00,393.3999938964844
2025-03-25 00:00:00-04:00,398.54998779296875
2025-03-26 00:00:00-04:00,392.0
2025-03-27 00:00:00-04:00,378.79998779296875
2025-03-28 00:00:00-04:00,379.95001220703125
2025-03-31 00:00:00-04:00,379.75
2025-04-01 00:00:00-04:00,389.04998779296875
2025-04-02 00:00:00-04:00,388.8500061035156
2025-04-03 00:00:00-04:00,385.25
2025-04-04 00:00:00-04:00,365.70001220703125
2025-04-07 00:00:00-04:00,344.79998779296875
2025-04-08 00:00:00-04:00,342.8999938964844
2025-04-09 00:00:00-04:00,341.70001220703125
2025-04-10 00:00:00-04:00,342.8500061035156
2025-04-11 00:00:00-04:00,357.70001220703125
2025-04-14 00:00:00-04:00,360.3999938964844
2025-04-15 00:00:00-04:00,369.3999938964844
2025-04-16 00:00:00-04:00,376.04998779296875
2025-04-17 00:00:00-04:00,375.5
2025-04-21 00:00:00-04:00,366.79998779296875
2025-04-22 00:00:00-04:00,377.6499938964844
2025-04-23 00:00:00-04:00,392.3999938964844
2025-04-24 00:00:00-04:00,408.0
2025-04-25 00:00:00-04:00,408.25
2025-04-28 00:00:00-04:00,421.54998779296875
2025-04-29 00:00:00-04:00,412.6499938964844
2025-04-30 00:00:00-04:00,413.6000061035156
2025-05-01 00:00:00-04:00,395.70001220703125
2025-05-02 00:00:00-04:00,395.3999938964844
2025-05-05 00:00:00-04:00,398.95001220703125
2025-05-06 00:00:00-04:00,401.1000061035156
2025-05-07 00:00:00-04:00,396.20001220703125
2025-05-08 00:00:00-04:00,397.79998779296875
2025-05-09 00:00:00-04:00,397.1499938964844
2025-05-12 00:00:00-04:00,382.45001220703125
2025-05-13 00:00:00-04:00,384.8500061035156
2025-05-14 00:00:00-04:00,373.95001220703125
2025-05-15 00:00:00-04:00,384.95001220703125
2025-05-16 00:00:00-04:00,376.25
2025-05-19 00:00:00-04:00,376.1499938964844
2025-05-20 00:00:00-04:00,369.29998779296875
2025-05-21 00:00:00-04:00,370.29998779296875
2025-05-22 00:00:00-04:00,360.75
2025-05-23 00:00:00-04:00,361.0
2025-05-27 00:00:00-04:00,361.70001220703125
2025-05-28 00:00:00-04:00,351.95001220703125
2025-05-29 00:00:00-04:00,348.3999938964844
2025-05-30 00:00:00-04:00,342.45001220703125
2025-06-02 00:00:00-04:00,344.45001220703125
2025-06-03 00:00:00-04:00,340.8500061035156
2025-06-04 00:00:00-04:00,346.1499938964844
2025-06-05 00:00:00-04:00,359.75
2025-06-06 00:00:00-04:00,358.04998779296875
2025-06-09 00:00:00-04:00,361.54998779296875
2025-06-10 00:00:00-04:00,355.04998779296875
2025-06-11 00:00:00-04:00,350.6499938964844
2025-06-12 00:00:00-04:00,347.79998779296875
2025-06-13 00:00:00-04:00,349.70001220703125
2025-06-16 00:00:00-04:00,343.95001220703125
2025-06-17 00:00:00-04:00,335.8500061035156
2025-06-18 00:00:00-04:00,324.8999938964844
2025-06-20 00:00:00-04:00,319.04998779296875
2025-06-23 00:00:00-04:00,330.29998779296875
2025-06-24 00:00:00-04:00,315.3500061035156
2025-06-25 00:00:00-04:00,308.6499938964844
2025-06-26 00:00:00-04:00,309.5
2025-06-27 00:00:00-04:00,309.8999938964844
2025-06-30 00:00:00-04:00,306.75
2025-07-01 00:00:00-04:00,298.8500061035156
2025-07-02 00:00:00-04:00,297.95001220703125
2025-07-03 00:00:00-04:00,292.6499938964844
2025-07-04 00:00:00-04:00,292.6499938964844
2025-07-07 00:00:00-04:00,280.04998779296875
2025-07-08 00:00:00-04:00,287.3999938964844
2025-07-09 00:00:00-04:00,285.8500061035156
2025-07-10 00:00:00-04:00,289.8999938964844
2025-07-11 00:00:00-04:00,288.6000061035156
2025-07-14 00:00:00-04:00,305.70001220703125
2025-07-15 00:00:00-04:00,301.6000061035156
2025-07-16 00:00:00-04:00,314.54998779296875
2025-07-17 00:00:00-04:00,312.5
2025-07-18 00:00:00-04:00,308.8999938964844
2025-07-21 00:00:00-04:00,297.25
2025-07-22 00:00:00-04:00,296.3500061035156
2025-07-23 00:00:00-04:00,301.3500061035156
2025-07-24 00:00:00-04:00,304.8500061035156
2025-07-25 00:00:00-04:00,297.54998779296875
2025-07-28 00:00:00-04:00,301.70001220703125
2025-07-29 00:00:00-04:00,296.5
2025-07-30 00:00:00-04:00,293.3999938964844
2025-07-31 00:00:00-04:00,295.79998779296875
2025-08-01 00:00:00-04:00,284.20001220703125
2025-08-04 00:00:00-04:00,288.54998779296875
2025-08-05 00:00:00-04:00,298.70001220703125
2025-08-06 00:00:00-04:00,293.3999938964844
2025-08-07 00:00:00-04:00,297.79998779296875
2025-08-08 00:00:00-04:00,309.3500061035156
2025-08-11 00:00:00-04:00,320.70001220703125
2025-08-12 00:00:00-04:00,315.1499938964844
2025-08-13 00:00:00-04:00,319.6000061035156
2025-08-14 00:00:00-04:00,326.5
2025-08-15 00:00:00-04:00,341.6499938964844
2025-08-18 00:00:00-04:00,343.6000061035156
2025-08-19 00:00:00-04:00,356.20001220703125
2025-08-20 00:00:00-04:00,360.25
2025-08-21 00:00:00-04:00,375.25
2025-08-22 00:00:00-04:00,390.6499938964844
2025-08-25 00:00:00-04:00,389.95001220703125
2025-08-26 00:00:00-04:00,384.04998779296875
2025-08-27 00:00:00-04:00,393.79998779296875
2025-08-28 00:00:00-04:00,387.75
2025-08-29 00:00:00-04:00,396.8500061035156
2025-09-02 00:00:00-04:00,382.20001220703125
2025-09-03 00:00:00-04:00,385.25
2025-09-04 00:00:00-04:00,385.75
2025-09-05 00:00:00-04:00,385.6000061035156
2025-09-08 00:00:00-04:00,397.79998779296875
2025-09-09 00:00:00-04:00,393.0
2025-09-10 00:00:00-04:00,401.0
2025-09-11 00:00:00-04:00,400.04998779296875
2025-09-12 00:00:00-04:00,410.6499938964844
2025-09-15 00:00:00-04:00,432.3500061035156
2025-09-16 00:00:00-04:00,422.25
2025-09-17 00:00:00-04:00,388.54998779296875
2025-09-18 00:00:00-04:00,385.8500061035156
2025-09-19 00:00:00-04:00,366.5
2025-09-22 00:00:00-04:00,367.3500061035156
2025-09-23 00:00:00-04:00,350.1499938964844
2025-09-24 00:00:00-04:00,367.75
2025-09-25 00:00:00-04:00,371.3500061035156
2025-09-26 00:00:00-04:00,378.04998779296875
2025-09-29 00:00:00-04:00,372.20001220703125
2025-09-30 00:00:00-04:00,374.8500061035156
2025-10-01 00:00:00-04:00,383.8999938964844
2025-10-02 00:00:00-04:00,378.1000061035156
2025-10-03 00:00:00-04:00,390.75
2025-10-06 00:00:00-04:00,381.3500061035156
2025-10-07 00:00:00-04:00,375.3999938964844
2025-10-08 00:00:00-04:00,385.1000061035156
2025-10-09 00:00:00-04:00,377.25
2025-10-10 00:00:00-04:00,373.04998779296875
2025-10-13 00:00:00-04:00,385.20001220703125
2025-10-14 00:00:00-04:00,399.6499938964844
2025-10-15 00:00:00-04:00,394.8999938964844
2025-10-16 00:00:00-04:00,393.79998779296875
2025-10-17 00:00:00-04:00,397.45001220703125
2025-10-20 00:00:00-04:00,406.04998779296875
2025-10-21 00:00:00-04:00,413.54998779296875
2025-10-22 00:00:00-04:00,420.8500061035156
2025-10-23 00:00:00-04:00,410.1499938964844
2025-10-24 00:00:00-04:00,403.0
2025-10-27 00:00:00-04:00,390.1000061035156
2025-10-28 00:00:00-04:00,387.8999938964844
2025-10-29 00:00:00-04:00,390.70001220703125
2025-10-30 00:00:00-04:00,392.0
2025-10-31 00:00:00-04:00,392.04998779296875
2025-11-03 00:00:00-05:00,406.6499938964844
2025-11-04 00:00:00-05:00,405.25
2025-11-05 00:00:00-05:00,413.6000061035156
2025-11-06 00:00:00-05:00,396.75
2025-11-07 00:00:00-05:00,407.79998779296875
2025-11-10 00:00:00-05:00,414.75
2025-11-11 00:00:00-05:00,422.70001220703125
2025-11-12 00:00:00-05:00,403.6499938964844
2025-11-13 00:00:00-05:00,401.70001220703125
2025-11-14 00:00:00-05:00,399.79998779296875
2025-11-17 00:00:00-05:00,402.54998779296875
2025-11-18 00:00:00-05:00,415.3500061035156
2025-11-19 00:00:00-05:00,404.5
2025-11-20 00:00:00-05:00,406.5
2025-11-21 00:00:00-05:00,400.0
2025-11-24 00:00:00-05:00,407.45001220703125
2025-11-25 00:00:00-05:00,414.20001220703125
2025-11-26 00:00:00-05:00,411.5
2025-11-28 00:00:00-05:00,413.0
2025-12-01 00:00:00-05:00,411.5
2025-12-02 00:00:00-05:00,405.54998779296875
2025-12-03 00:00:00-05:00,403.75
2025-12-04 00:00:00-05:00,411.95001220703125
2025-12-05 00:00:00-05:00,406.25
2025-12-08 00:00:00-05:00,396.04998779296875
2025-12-09 00:00:00-05:00,394.20001220703125
2025-12-10 00:00:00-05:00,400.79998779296875
2025-12-11 00:00:00-05:00,405.45001220703125
2025-12-12 00:00:00-05:00,397.20001220703125
2025-12-15 00:00:00-05:00,387.70001220703125
2025-12-16 00:00:00-05:00,379.29998779296875
2025-12-17 00:00:00-05:00,351.8999938964844
2025-12-18 00:00:00-05:00,345.45001220703125
2025-12-19 00:00:00-05:00,340.6499938964844
2025-12-22 00:00:00-05:00,347.3500061035156
2025-12-23 00:00:00-05:00,346.95001220703125
2025-12-24 00:00:00-05:00,345.1499938964844
2025-12-26 00:00:00-05:00,350.25
2025-12-29 00:00:00-05:00,352.1499938964844
2025-12-30 00:00:00-05:00,350.20001220703125
2025-12-31 00:00:00-05:00,348.75
2026-01-02 00:00:00-05:00,357.29998779296875
2026-01-05 00:00:00-05:00,359.3500061035156
2026-01-06 00:00:00-05:00,373.8500061035156
2026-01-07 00:00:00-05:00,375.45001220703125
2026-01-08 00:00:00-05:00,372.3500061035156
2026-01-09 00:00:00-05:00,357.6499938964844
2026-01-12 00:00:00-05:00,356.04998779296875
2026-01-13 00:00:00-05:00,360.25
2026-01-14 00:00:00-05:00,356.0
2026-01-15 00:00:00-05:00,358.1000061035156
2026-01-16 00:00:00-05:00,355.29998779296875
2026-01-20 00:00:00-05:00,346.5
2026-01-21 00:00:00-05:00,347.5
2026-01-22 00:00:00-05:00,347.70001220703125
2026-01-23 00:00:00-05:00,350.8999938964844
2026-01-26 00:00:00-05:00,356.25
2026-01-27 00:00:00-05:00,367.25
2026-01-28 00:00:00-05:00,351.0
2026-01-29 00:00:00-05:00,345.5
2026-01-30 00:00:00-05:00,332.25
2026-02-02 00:00:00-05:00,333.25
2026-02-03 00:00:00-05:00,317.1000061035156
2026-02-04 00:00:00-05:00,308.6499938964844
2026-02-05 00:00:00-05:00,308.3999938964844
2026-02-06 00:00:00-05:00,296.54998779296875
2026-02-09 00:00:00-05:00,299.8500061035156
2026-02-10 00:00:00-05:00,294.20001220703125
2026-02-11 00:00:00-05:00,294.79998779296875
2026-02-12 00:00:00-05:00,299.6499938964844
2026-02-13 00:00:00-05:00,300.04998779296875
2026-02-17 00:00:00-05:00,284.6000061035156
2026-02-18 00:00:00-05:00,287.54998779296875
2026-02-19 00:00:00-05:00,287.3999938964844
2026-02-20 00:00:00-05:00,288.29998779296875
2026-02-23 00:00:00-05:00,281.1499938964844
2026-02-24 00:00:00-05:00,288.25
2026-02-25 00:00:00-05:00,288.29998779296875
2026-02-26 00:00:00-05:00,286.0
2026-02-27 00:00:00-05:00,284.6000061035156
2026-03-02 00:00:00-05:00,288.3500061035156
2026-03-03 00:00:00-05:00,286.95001220703125
2026-03-04 00:00:00-05:00,290.70001220703125
2026-03-05 00:00:00-05:00,293.0
2026-03-06 00:00:00-05:00,297.6000061035156
2026-03-09 00:00:00-04:00,301.75
2026-03-10 00:00:00-04:00,300.54998779296875
2026-03-11 00:00:00-04:00,292.0
2026-03-12 00:00:00-04:00,296.5
2026-03-13 00:00:00-04:00,290.3500061035156
2026-03-16 00:00:00-04:00,297.75
2026-03-17 00:00:00-04:00,302.04998779296875
2026-03-18 00:00:00-04:00,299.70001220703125
2026-03-19 00:00:00-04:00,306.20001220703125
2026-03-20 00:00:00-04:00,309.75
2026-03-23 00:00:00-04:00,307.0
2026-03-24 00:00:00-04:00,317.8500061035156
2026-03-25 00:00:00-04:00,316.1000061035156
2026-03-26 00:00:00-04:00,307.6499938964844
2026-03-27 00:00:00-04:00,301.70001220703125
2026-03-30 00:00:00-04:00,292.54998779296875
2026-03-31 00:00:00-04:00,298.3500061035156
2026-04-01 00:00:00-04:00,297.79998779296875
2026-04-02 00:00:00-04:00,295.3999938964844
2026-04-06 00:00:00-04:00,298.04998779296875
2026-04-07 00:00:00-04:00,286.1000061035156
2026-04-08 00:00:00-04:00,294.04998779296875
2026-04-09 00:00:00-04:00,293.70001220703125
2026-04-10 00:00:00-04:00,300.1000061035156
2026-04-13 00:00:00-04:00,300.8500061035156
2026-04-14 00:00:00-04:00,302.6499938964844
2026-04-15 00:00:00-04:00,304.25
2026-04-16 00:00:00-04:00,296.45001220703125
2026-04-17 00:00:00-04:00,289.29998779296875
2026-04-20 00:00:00-04:00,292.20001220703125
2026-04-21 00:00:00-04:00,289.0
2026-04-22 00:00:00-04:00,302.3999938964844
2026-04-23 00:00:00-04:00,316.3500061035156
2026-04-24 00:00:00-04:00,309.79998779296875
2026-04-27 00:00:00-04:00,304.1000061035156
2026-04-28 00:00:00-04:00,306.3999938964844
2026-04-29 00:00:00-04:00,305.25
2026-04-30 00:00:00-04:00,300.8999938964844
2026-05-01 00:00:00-04:00,302.0
2026-05-04 00:00:00-04:00,302.20001220703125
2026-05-05 00:00:00-04:00,305.8500061035156
2026-05-06 00:00:00-04:00,299.45001220703125
2026-05-07 00:00:00-04:00,291.04998779296875
2026-05-08 00:00:00-04:00,289.70001220703125
2026-05-11 00:00:00-04:00,298.6000061035156
2026-05-12 00:00:00-04:00,294.79998779296875
2026-05-13 00:00:00-04:00,296.25
2026-05-14 00:00:00-04:00,294.45001220703125
2026-05-15 00:00:00-04:00,284.6000061035156
2026-05-18 00:00:00-04:00,276.20001220703125
2026-05-19 00:00:00-04:00,270.1499938964844
2026-05-20 00:00:00-04:00,268.29998779296875
2026-05-21 00:00:00-04:00,273.3999938964844
2026-05-22 00:00:00-04:00,272.3500061035156
2026-05-26 00:00:00-04:00,274.0
2026-05-27 00:00:00-04:00,269.8500061035156
2026-05-28 00:00:00-04:00,274.25
2026-05-29 00:00:00-04:00,265.6000061035156
2026-06-01 00:00:00-04:00,260.6000061035156
2026-06-02 00:00:00-04:00,259.20001220703125
2026-06-03 00:00:00-04:00,253.10000610351562
2026-06-04 00:00:00-04:00,247.14999389648438
2026-06-05 00:00:00-04:00,246.5
2026-06-08 00:00:00-04:00,245.89999389648438
2026-06-09 00:00:00-04:00,244.39999389648438
2026-06-10 00:00:00-04:00,248.39999389648438
2026-06-11 00:00:00-04:00,253.9499969482422
2026-06-12 00:00:00-04:00,257.20001220703125
2026-06-15 00:00:00-04:00,262.95001220703125
2026-06-16 00:00:00-04:00,277.25
2026-06-17 00:00:00-04:00,277.8500061035156
2026-06-18 00:00:00-04:00,275.1000061035156
2026-06-22 00:00:00-04:00,277.0
2026-06-23 00:00:00-04:00,287.95001220703125
2026-06-24 00:00:00-04:00,291.54998779296875
2026-06-25 00:00:00-04:00,288.79998779296875
2026-06-26 00:00:00-04:00,286.75
2026-06-29 00:00:00-04:00,291.1000061035156
2026-06-30 00:00:00-04:00,311.20001220703125
2026-07-01 00:00:00-04:00,324.29998779296875
2026-07-02 00:00:00-04:00,315.6499938964844
2026-07-06 00:00:00-04:00,363.95001220703125
2026-07-07 00:00:00-04:00,331.6000061035156
2026-07-08 00:00:00-04:00,324.25
2026-07-09 00:00:00-04:00,356.95001220703125
2026-07-10 00:00:00-04:00,343.0
2026-07-13 00:00:00-04:00,341.3999938964844
2026-07-14 00:00:00-04:00,337.20001220703125
2026-07-15 00:00:00-04:00,334.45001220703125
2026-07-16 00:00:00-04:00,321.29998779296875
2026-07-17 00:00:00-04:00,328.45001220703125
2026-07-20 00:00:00-04:00,334.3999938964844
2026-07-21 00:00:00-04:00,331.95001220703125
2026-07-22 00:00:00-04:00,316.6499938964844
2026-07-23 00:00:00-04:00,309.3999938964844
2026-07-24 00:00:00-04:00,313.79998779296875
2026-07-27 00:00:00-04:00,324.54998779296875
2026-07-28 00:00:00-04:00,339.3999938964844
2026-07-29 00:00:00-04:00,325.79998779296875
2026-07-30 00:00:00-04:00,323.04998779296875
2026-07-31 00:00:00-04:00,332.1000061035156
2026-08-03 00:00:00-04:00,319.6000061035156
